user_id,event_type,timestamp
user_001,logout,2025/4/16 19:16
user_001,login,2025/5/6 4:34
user_001,click_ad,2025/4/19 22:00
user_001,login,2025/5/6 22:01
user_001,view_content,2025/4/22 16:21
user_001,click_ad,2025/4/25 8:48
user_001,purchase,2025/5/8 3:47
user_001,logout,2025/5/6 0:20
user_001,view_content,2025/4/29 5:12
user_001,purchase,2025/4/30 4:08
user_001,login,2025/4/10 2:43
user_001,view_content,2025/4/24 1:33
user_001,purchase,2025/4/15 14:59
user_001,click_ad,2025/4/25 16:17
user_001,login,2025/4/18 1:12
user_001,purchase,2025/4/10 16:49
user_001,login,2025/4/16 19:16
user_001,purchase,2025/4/14 6:26
user_001,logout,2025/4/8 11:49
user_001,click_ad,2025/4/24 12:12
user_001,view_content,2025/5/5 6:47
user_002,purchase,2025/4/23 14:11
user_002,login,2025/4/9 16:54
user_002,click_ad,2025/4/16 9:36
user_002,view_content,2025/4/28 11:39
user_002,login,2025/4/9 18:04
user_002,click_ad,2025/4/9 6:57
user_002,login,2025/4/30 13:52
user_002,click_ad,2025/4/19 7:05
user_002,view_content,2025/4/13 18:27
user_002,view_content,2025/4/13 9:40
user_002,login,2025/5/7 20:24
user_002,click_ad,2025/5/8 4:52
user_002,purchase,2025/4/15 21:29
user_002,view_content,2025/4/25 14:15
user_002,purchase,2025/4/12 1:46
user_002,purchase,2025/4/21 2:55
user_002,logout,2025/4/25 1:28
user_002,login,2025/5/5 22:14
user_003,login,2025/4/13 14:49
user_003,login,2025/4/12 6:53
user_003,click_ad,2025/4/16 19:50
user_003,view_content,2025/4/23 19:58
user_003,view_content,2025/5/7 23:05
user_003,logout,2025/4/12 1:20
user_003,logout,2025/4/23 15:46
user_003,logout,2025/5/5 10:44
user_003,purchase,2025/4/30 22:11
user_003,login,2025/4/21 11:42
user_003,click_ad,2025/5/1 20:51
user_003,view_content,2025/5/2 15:55
user_003,click_ad,2025/4/13 2:48
user_003,login,2025/4/13 10:07
user_003,login,2025/4/10 3:51
user_003,view_content,2025/4/20 17:07
user_003,purchase,2025/4/29 23:55
user_003,logout,2025/4/25 3:16
user_003,purchase,2025/4/17 10:19
user_003,login,2025/5/8 8:57
user_003,login,2025/4/24 17:21
user_003,purchase,2025/4/11 2:30
user_003,logout,2025/4/29 17:23
user_003,logout,2025/4/8 18:29
user_003,login,2025/4/16 7:24
user_004,logout,2025/5/5 1:48
user_004,logout,2025/4/21 14:23
user_004,view_content,2025/4/28 7:36
user_004,view_content,2025/4/11 22:13
user_004,click_ad,2025/4/16 20:44
user_004,purchase,2025/5/1 2:53
user_004,login,2025/5/5 2:50
user_005,logout,2025/5/3 9:25
user_005,click_ad,2025/4/12 12:16
user_005,view_content,2025/4/11 14:09
user_005,logout,2025/4/27 23:45
user_005,purchase,2025/4/19 9:18
user_006,view_content,2025/5/2 0:18
user_006,login,2025/4/13 10:01
user_006,logout,2025/4/22 14:03
user_006,click_ad,2025/4/30 4:43
user_006,login,2025/4/9 13:02
user_006,logout,2025/4/15 15:52
user_006,logout,2025/4/15 1:02
user_006,logout,2025/4/11 2:16
user_006,logout,2025/5/2 14:06
user_006,logout,2025/4/27 22:39
user_006,login,2025/5/8 9:50
user_006,purchase,2025/4/14 7:27
user_006,purchase,2025/5/5 0:24
user_006,login,2025/4/21 3:18
user_006,purchase,2025/4/18 22:37
user_006,click_ad,2025/5/1 20:22
user_006,click_ad,2025/4/28 9:44
user_006,login,2025/5/4 13:37
user_006,click_ad,2025/5/4 21:53
user_006,login,2025/4/18 21:07
user_006,click_ad,2025/4/15 21:13
user_006,view_content,2025/4/15 12:14
user_006,login,2025/4/26 17:09
user_006,logout,2025/4/13 21:31
user_007,click_ad,2025/5/4 18:07
user_007,view_content,2025/5/7 11:57
user_007,login,2025/4/15 2:55
user_007,click_ad,2025/4/29 22:17
user_007,logout,2025/4/21 1:49
user_007,click_ad,2025/4/17 23:43
user_007,view_content,2025/5/5 20:18
user_007,purchase,2025/5/7 16:00
user_007,purchase,2025/4/13 12:39
user_007,view_content,2025/4/9 12:39
user_007,view_content,2025/5/8 5:50
user_007,login,2025/4/23 0:27
user_007,purchase,2025/4/9 20:08
user_007,login,2025/5/4 19:44
user_007,click_ad,2025/4/19 0:23
user_007,view_content,2025/4/16 19:46
user_007,login,2025/4/17 10:04
user_007,view_content,2025/4/28 21:33
user_007,login,2025/4/12 23:09
user_007,click_ad,2025/5/7 14:05
user_007,click_ad,2025/4/26 4:38
user_007,logout,2025/4/11 16:18
user_007,purchase,2025/4/30 11:53
user_007,logout,2025/4/14 23:27
user_007,purchase,2025/5/2 23:08
user_008,click_ad,2025/4/11 3:24
user_008,login,2025/5/4 9:20
user_008,view_content,2025/4/16 16:14
user_008,click_ad,2025/5/2 19:24
user_008,click_ad,2025/4/24 9:33
user_008,login,2025/4/16 12:26
user_008,click_ad,2025/4/26 7:09
user_008,click_ad,2025/4/29 5:08
user_008,login,2025/4/25 7:38
user_008,click_ad,2025/4/18 1:29
user_008,purchase,2025/4/29 15:13
user_008,purchase,2025/4/26 19:18
user_008,purchase,2025/4/9 14:13
user_008,purchase,2025/4/12 21:32
user_008,click_ad,2025/5/2 0:38
user_008,view_content,2025/4/15 22:38
user_008,purchase,2025/5/5 19:55
user_008,purchase,2025/4/20 20:36
user_008,click_ad,2025/4/21 22:48
user_008,logout,2025/4/28 13:04
user_008,click_ad,2025/4/19 20:12
user_008,login,2025/4/29 20:22
user_008,purchase,2025/4/10 3:49
user_008,login,2025/4/9 8:58
user_008,purchase,2025/4/8 22:37
user_008,logout,2025/4/25 3:48
user_008,view_content,2025/5/3 3:08
user_009,logout,2025/4/18 12:41
user_009,click_ad,2025/4/20 5:44
user_009,click_ad,2025/4/10 10:30
user_009,login,2025/4/10 18:10
user_009,login,2025/4/17 9:20
user_010,click_ad,2025/4/13 18:34
user_010,click_ad,2025/4/13 8:09
user_010,click_ad,2025/5/7 18:12
user_010,purchase,2025/4/29 1:12
user_010,logout,2025/4/29 12:42
user_010,purchase,2025/4/28 9:25
user_010,view_content,2025/4/16 18:39
user_011,purchase,2025/4/28 19:46
user_011,click_ad,2025/4/9 5:19
user_011,purchase,2025/4/11 9:45
user_011,login,2025/4/11 21:26
user_011,click_ad,2025/4/14 9:14
user_011,logout,2025/4/24 17:55
user_011,purchase,2025/4/14 0:03
user_011,click_ad,2025/5/7 10:47
user_011,login,2025/4/19 7:29
user_011,login,2025/4/18 6:44
user_011,purchase,2025/4/9 8:05
user_011,click_ad,2025/5/3 13:14
user_011,logout,2025/4/17 23:13
user_011,view_content,2025/4/22 19:26
user_011,login,2025/5/5 8:33
user_011,view_content,2025/4/15 9:35
user_011,logout,2025/5/6 22:38
user_011,purchase,2025/4/25 22:53
user_011,login,2025/4/11 21:12
user_011,view_content,2025/4/16 15:04
user_011,login,2025/4/11 12:30
user_011,view_content,2025/4/15 1:41
user_012,click_ad,2025/4/17 2:57
user_012,click_ad,2025/5/7 6:09
user_012,purchase,2025/4/16 15:41
user_012,logout,2025/5/4 5:29
user_012,login,2025/4/12 1:04
user_012,logout,2025/4/24 10:15
user_012,view_content,2025/4/22 8:48
user_012,purchase,2025/5/5 7:59
user_012,click_ad,2025/5/5 12:34
user_012,click_ad,2025/5/3 18:30
user_012,purchase,2025/4/12 14:01
user_012,login,2025/4/17 4:03
user_012,logout,2025/4/28 17:14
user_012,view_content,2025/4/9 6:25
user_012,logout,2025/4/22 4:16
user_012,click_ad,2025/5/3 9:33
user_012,purchase,2025/4/24 14:52
user_012,click_ad,2025/4/9 14:19
user_012,click_ad,2025/4/28 11:36
user_012,view_content,2025/5/3 11:29
user_012,login,2025/4/29 4:04
user_012,login,2025/4/16 4:58
user_012,view_content,2025/4/11 20:12
user_012,purchase,2025/5/3 20:59
user_012,logout,2025/4/24 18:59
user_012,purchase,2025/4/15 7:11
user_012,logout,2025/4/25 12:59
user_012,login,2025/5/4 0:10
user_012,click_ad,2025/4/15 13:28
user_013,click_ad,2025/4/21 17:23
user_013,purchase,2025/5/5 0:09
user_013,view_content,2025/4/24 17:11
user_013,logout,2025/4/19 6:50
user_013,click_ad,2025/4/20 22:50
user_013,purchase,2025/4/27 20:01
user_013,view_content,2025/4/10 1:51
user_013,login,2025/4/27 21:03
user_013,view_content,2025/4/28 15:30
user_013,login,2025/4/30 15:57
user_013,purchase,2025/5/8 0:33
user_013,view_content,2025/4/19 1:49
user_013,purchase,2025/4/25 3:08
user_013,login,2025/4/8 13:44
user_014,click_ad,2025/4/22 16:17
user_014,click_ad,2025/4/13 6:01
user_014,login,2025/5/2 10:03
user_014,logout,2025/4/24 4:45
user_014,logout,2025/4/25 23:42
user_014,click_ad,2025/4/15 9:16
user_014,click_ad,2025/4/15 14:38
user_014,view_content,2025/5/7 20:43
user_014,view_content,2025/4/16 13:45
user_014,click_ad,2025/5/1 17:18
user_014,logout,2025/4/9 20:51
user_014,view_content,2025/4/18 22:41
user_014,login,2025/4/14 23:26
user_014,view_content,2025/4/30 11:24
user_014,view_content,2025/5/5 2:51
user_014,view_content,2025/4/27 4:14
user_014,purchase,2025/4/17 0:14
user_014,login,2025/4/24 0:01
user_014,click_ad,2025/5/7 17:07
user_014,logout,2025/4/17 20:28
user_014,logout,2025/5/5 21:10
user_014,click_ad,2025/4/20 3:14
user_014,purchase,2025/4/17 10:17
user_014,logout,2025/4/17 17:25
user_014,view_content,2025/4/19 21:13
user_014,logout,2025/4/19 7:20
user_015,login,2025/4/25 23:53
user_015,login,2025/5/7 11:57
user_015,click_ad,2025/5/6 17:12
user_015,purchase,2025/5/3 0:50
user_015,purchase,2025/4/18 22:20
user_015,logout,2025/4/21 19:30
user_015,purchase,2025/4/27 12:03
user_015,purchase,2025/4/30 6:50
user_015,logout,2025/4/13 4:25
user_015,login,2025/4/19 22:26
user_015,view_content,2025/4/16 18:02
user_015,click_ad,2025/4/22 12:11
user_015,login,2025/4/20 11:08
user_015,purchase,2025/5/8 0:42
user_015,purchase,2025/4/23 15:31
user_015,logout,2025/5/3 8:30
user_015,click_ad,2025/4/30 1:29
user_015,view_content,2025/4/25 22:15
user_015,logout,2025/5/1 4:13
user_015,logout,2025/4/19 5:25
user_015,view_content,2025/5/5 19:31
user_015,view_content,2025/4/8 22:26
user_015,purchase,2025/4/26 1:15
user_015,logout,2025/4/20 23:07
user_015,login,2025/4/18 10:10
user_015,login,2025/4/23 14:11
user_015,logout,2025/4/8 15:42
user_015,view_content,2025/5/5 16:10
user_015,click_ad,2025/4/27 16:32
user_015,view_content,2025/4/26 16:33
user_016,view_content,2025/4/23 15:51
user_016,click_ad,2025/4/30 3:40
user_016,view_content,2025/4/29 1:01
user_016,click_ad,2025/4/30 2:17
user_016,logout,2025/5/3 11:40
user_016,click_ad,2025/4/9 5:21
user_016,login,2025/4/14 22:09
user_017,click_ad,2025/4/22 8:16
user_017,view_content,2025/4/16 7:01
user_017,logout,2025/5/5 21:04
user_017,click_ad,2025/4/22 18:12
user_017,view_content,2025/5/7 5:12
user_017,click_ad,2025/4/17 16:38
user_017,logout,2025/4/30 10:03
user_017,logout,2025/5/7 6:55
user_017,login,2025/4/20 13:55
user_017,logout,2025/4/30 14:52
user_017,view_content,2025/5/6 17:24
user_017,logout,2025/4/29 0:01
user_018,logout,2025/4/24 21:22
user_018,view_content,2025/4/26 1:40
user_018,view_content,2025/4/12 3:52
user_018,logout,2025/4/11 3:47
user_018,logout,2025/5/6 8:17
user_018,click_ad,2025/4/23 2:58
user_018,logout,2025/4/18 4:46
user_018,login,2025/5/4 11:45
user_018,login,2025/4/26 21:10
user_018,login,2025/4/16 9:34
user_018,login,2025/5/3 15:59
user_018,logout,2025/4/16 20:46
user_018,click_ad,2025/4/23 8:27
user_018,view_content,2025/4/23 16:48
user_018,logout,2025/5/3 19:10
user_018,purchase,2025/4/15 23:40
user_018,logout,2025/4/17 1:55
user_018,login,2025/4/27 15:47
user_019,purchase,2025/4/14 8:50
user_019,logout,2025/4/13 9:44
user_019,click_ad,2025/4/8 10:34
user_019,click_ad,2025/5/5 18:56
user_019,purchase,2025/4/16 3:04
user_019,view_content,2025/4/24 19:20
user_019,purchase,2025/4/9 10:55
user_019,click_ad,2025/4/20 7:24
user_019,purchase,2025/5/4 13:24
user_019,login,2025/5/2 9:48
user_019,login,2025/4/10 12:20
user_019,view_content,2025/4/13 10:28
user_019,purchase,2025/4/19 6:31
user_019,purchase,2025/5/3 0:25
user_019,purchase,2025/4/24 22:34
user_019,purchase,2025/5/6 7:02
user_019,view_content,2025/4/23 23:46
user_019,click_ad,2025/4/9 22:42
user_019,logout,2025/4/16 6:57
user_019,view_content,2025/4/23 2:47
user_019,click_ad,2025/5/1 14:13
user_019,click_ad,2025/4/18 20:20
user_019,click_ad,2025/4/25 18:49
user_019,purchase,2025/4/12 23:48
user_019,view_content,2025/4/16 14:57
user_019,click_ad,2025/4/23 12:46
user_019,logout,2025/4/26 9:08
user_019,logout,2025/5/2 11:31
user_020,login,2025/4/12 7:15
user_020,click_ad,2025/4/15 18:40
user_020,view_content,2025/4/30 9:57
user_020,purchase,2025/4/10 2:32
user_020,login,2025/4/29 16:44
user_020,click_ad,2025/4/11 21:12
user_020,purchase,2025/5/1 10:43
user_020,view_content,2025/4/16 22:54
user_020,view_content,2025/5/6 7:12
user_020,login,2025/5/6 8:47
user_020,login,2025/4/14 7:48
user_020,click_ad,2025/4/12 12:46
user_020,purchase,2025/5/1 11:19
user_020,logout,2025/5/1 9:37
user_020,purchase,2025/4/16 2:30
user_020,view_content,2025/4/26 22:45
user_020,view_content,2025/5/5 22:59
user_020,click_ad,2025/5/7 22:30
user_020,logout,2025/4/22 18:39
user_020,click_ad,2025/5/2 17:01
user_020,view_content,2025/5/1 5:23
user_020,view_content,2025/4/27 2:16
user_021,purchase,2025/4/14 6:11
user_021,logout,2025/4/13 9:27
user_021,purchase,2025/4/30 16:16
user_021,purchase,2025/4/15 6:06
user_021,click_ad,2025/4/21 2:22
user_021,purchase,2025/4/26 11:20
user_021,login,2025/4/17 2:44
user_021,login,2025/5/3 5:22
user_021,purchase,2025/4/8 21:49
user_021,logout,2025/4/16 11:19
user_021,purchase,2025/4/30 21:26
user_021,view_content,2025/5/8 0:15
user_021,view_content,2025/5/7 17:31
user_021,logout,2025/4/15 0:42
user_021,click_ad,2025/4/27 12:46
user_021,login,2025/4/18 4:42
user_021,login,2025/4/16 1:46
user_021,click_ad,2025/4/24 8:50
user_021,purchase,2025/4/13 17:01
user_022,logout,2025/5/4 3:15
user_022,purchase,2025/4/25 22:24
user_022,click_ad,2025/4/21 19:08
user_022,logout,2025/5/2 4:52
user_022,login,2025/4/19 21:18
user_022,login,2025/4/26 3:27
user_022,purchase,2025/4/22 1:19
user_022,view_content,2025/5/2 4:31
user_022,click_ad,2025/4/12 17:34
user_022,click_ad,2025/5/2 18:53
user_022,purchase,2025/5/8 1:37
user_022,click_ad,2025/4/15 18:07
user_022,login,2025/5/8 4:18
user_022,purchase,2025/5/4 3:43
user_022,login,2025/4/28 11:22
user_022,logout,2025/5/4 22:29
user_022,logout,2025/4/21 23:49
user_022,view_content,2025/5/5 4:08
user_022,click_ad,2025/4/30 1:10
user_022,logout,2025/5/5 11:17
user_022,click_ad,2025/4/24 13:53
user_022,login,2025/5/7 4:31
user_022,purchase,2025/5/1 1:49
user_022,logout,2025/5/7 18:18
user_022,purchase,2025/4/19 8:21
user_022,logout,2025/4/24 0:33
user_023,click_ad,2025/4/23 4:19
user_023,logout,2025/4/14 4:28
user_023,logout,2025/5/1 3:10
user_023,login,2025/4/27 7:08
user_023,view_content,2025/4/20 14:32
user_023,login,2025/5/7 4:47
user_023,purchase,2025/4/28 14:01
user_023,click_ad,2025/4/30 6:40
user_023,click_ad,2025/5/7 2:17
user_023,logout,2025/4/27 9:16
user_023,click_ad,2025/4/13 23:08
user_023,view_content,2025/5/4 1:51
user_023,view_content,2025/4/23 17:29
user_023,logout,2025/4/11 23:50
user_023,logout,2025/4/9 18:12
user_023,purchase,2025/4/12 7:16
user_023,logout,2025/5/5 12:02
user_023,login,2025/4/18 9:02
user_023,login,2025/4/8 22:13
user_023,login,2025/5/1 23:12
user_023,view_content,2025/4/17 0:26
user_023,click_ad,2025/4/9 7:52
user_023,purchase,2025/4/14 18:17
user_023,logout,2025/4/24 21:34
user_023,purchase,2025/4/22 5:51
user_023,view_content,2025/4/30 10:35
user_023,logout,2025/4/18 16:50
user_024,logout,2025/4/14 22:56
user_024,view_content,2025/5/8 0:35
user_024,click_ad,2025/4/13 12:32
user_024,logout,2025/5/1 4:42
user_024,click_ad,2025/4/12 1:30
user_024,view_content,2025/4/19 13:13
user_025,purchase,2025/5/8 9:15
user_025,logout,2025/4/19 3:12
user_025,click_ad,2025/5/5 6:41
user_025,logout,2025/4/21 20:22
user_025,click_ad,2025/4/22 6:59
user_025,logout,2025/5/1 10:29
user_025,logout,2025/4/19 18:44
user_025,logout,2025/4/9 18:03
user_025,purchase,2025/5/1 12:12
user_025,logout,2025/4/26 3:42
user_025,click_ad,2025/4/9 20:40
user_025,purchase,2025/5/5 0:46
user_025,login,2025/4/30 16:20
user_025,click_ad,2025/5/1 17:30
user_026,click_ad,2025/4/26 2:30
user_026,login,2025/4/29 1:14
user_026,purchase,2025/4/18 22:49
user_026,logout,2025/4/28 5:39
user_026,click_ad,2025/4/15 10:08
user_026,login,2025/4/21 18:51
user_027,logout,2025/5/8 2:35
user_027,purchase,2025/5/6 11:22
user_027,click_ad,2025/4/23 19:08
user_027,logout,2025/4/18 21:33
user_027,logout,2025/5/3 17:28
user_027,view_content,2025/4/30 4:45
user_027,login,2025/4/14 11:56
user_027,logout,2025/4/11 10:04
user_027,purchase,2025/4/21 8:45
user_027,view_content,2025/5/6 5:37
user_027,logout,2025/4/10 18:11
user_027,logout,2025/5/6 13:12
user_027,purchase,2025/4/21 17:04
user_027,view_content,2025/4/30 17:50
user_027,view_content,2025/4/29 21:10
user_027,login,2025/4/25 8:15
user_027,logout,2025/4/26 23:32
user_027,login,2025/4/15 11:19
user_027,view_content,2025/5/5 3:19
user_027,login,2025/5/4 8:14
user_027,purchase,2025/4/27 5:46
user_027,click_ad,2025/4/11 22:38
user_027,purchase,2025/4/30 8:08
user_027,view_content,2025/4/17 16:17
user_027,purchase,2025/4/25 20:42
user_027,view_content,2025/4/9 5:22
user_027,purchase,2025/4/23 2:34
user_027,logout,2025/4/21 8:32
user_027,logout,2025/4/25 9:10
user_027,purchase,2025/4/26 17:13
user_028,login,2025/4/11 5:37
user_028,view_content,2025/4/12 13:19
user_028,logout,2025/4/14 18:30
user_028,view_content,2025/5/2 22:57
user_028,logout,2025/4/23 23:43
user_028,click_ad,2025/4/22 7:21
user_028,purchase,2025/4/20 19:57
user_028,logout,2025/4/26 9:06
user_028,purchase,2025/4/22 2:46
user_028,click_ad,2025/4/14 3:58
user_028,view_content,2025/5/4 12:41
user_028,purchase,2025/4/16 11:37
user_028,logout,2025/5/8 5:51
user_028,click_ad,2025/4/9 13:32
user_028,logout,2025/4/10 19:58
user_028,click_ad,2025/4/22 21:32
user_028,click_ad,2025/4/29 19:26
user_028,logout,2025/5/4 13:49
user_028,purchase,2025/5/6 20:10
user_028,view_content,2025/4/19 6:44
user_028,view_content,2025/4/29 21:26
user_029,click_ad,2025/5/7 10:00
user_029,logout,2025/4/9 16:37
user_029,click_ad,2025/5/2 22:38
user_029,view_content,2025/5/4 17:03
user_029,click_ad,2025/5/5 2:56
user_029,click_ad,2025/4/13 18:08
user_029,view_content,2025/4/22 20:08
user_029,purchase,2025/4/19 19:54
user_029,click_ad,2025/4/14 9:01
user_029,purchase,2025/4/20 8:46
user_029,click_ad,2025/5/6 7:45
user_029,logout,2025/5/6 5:09
user_030,click_ad,2025/5/7 4:27
user_030,click_ad,2025/5/7 21:01
user_030,login,2025/5/6 0:49
user_030,logout,2025/5/1 9:51
user_030,logout,2025/5/4 19:06
user_031,purchase,2025/4/23 10:44
user_031,purchase,2025/4/17 14:48
user_031,click_ad,2025/5/7 19:54
user_031,view_content,2025/4/29 21:37
user_031,click_ad,2025/4/14 19:19
user_031,login,2025/4/15 10:11
user_031,click_ad,2025/5/6 0:34
user_031,login,2025/5/4 11:09
user_031,click_ad,2025/4/20 4:53
user_031,purchase,2025/5/2 6:28
user_031,click_ad,2025/5/1 21:29
user_031,purchase,2025/4/15 5:28
user_031,view_content,2025/5/4 20:12
user_032,view_content,2025/4/18 17:54
user_032,logout,2025/4/13 4:51
user_032,click_ad,2025/4/25 7:57
user_032,logout,2025/4/17 7:09
user_032,click_ad,2025/4/8 20:09
user_032,view_content,2025/5/7 3:35
user_032,login,2025/4/15 11:16
user_032,logout,2025/4/9 13:58
user_032,logout,2025/4/9 19:30
user_032,view_content,2025/4/21 20:49
user_032,view_content,2025/4/12 11:24
user_032,login,2025/4/9 18:53
user_032,logout,2025/4/16 9:52
user_032,view_content,2025/4/29 10:34
user_032,view_content,2025/4/9 10:39
user_033,login,2025/4/26 18:57
user_033,login,2025/4/28 11:22
user_033,purchase,2025/4/15 6:38
user_033,click_ad,2025/4/25 14:53
user_033,purchase,2025/4/14 4:09
user_033,login,2025/4/9 15:25
user_033,view_content,2025/4/15 17:01
user_033,login,2025/4/16 15:02
user_033,logout,2025/5/6 14:59
user_033,view_content,2025/5/8 7:49
user_033,purchase,2025/4/23 6:42
user_033,purchase,2025/4/15 21:10
user_033,purchase,2025/4/15 20:31
user_033,view_content,2025/4/20 3:26
user_033,click_ad,2025/4/9 7:19
user_033,click_ad,2025/4/23 15:13
user_033,click_ad,2025/4/22 17:03
user_033,login,2025/5/6 12:30
user_033,login,2025/4/28 11:39
user_033,logout,2025/5/4 9:06
user_033,view_content,2025/4/12 5:17
user_033,logout,2025/4/25 14:20
user_033,login,2025/4/27 4:53
user_033,view_content,2025/4/22 18:12
user_033,purchase,2025/5/7 2:19
user_033,view_content,2025/4/16 11:57
user_034,login,2025/4/14 22:37
user_034,purchase,2025/4/19 20:21
user_034,purchase,2025/4/16 20:38
user_034,view_content,2025/4/28 10:31
user_034,click_ad,2025/5/6 23:02
user_034,login,2025/4/26 12:25
user_034,login,2025/4/19 2:33
user_034,click_ad,2025/4/9 20:16
user_034,logout,2025/5/2 5:47
user_034,logout,2025/4/12 7:17
user_034,login,2025/4/9 19:36
user_034,click_ad,2025/4/13 20:13
user_034,click_ad,2025/5/8 0:58
user_034,purchase,2025/4/29 4:09
user_034,logout,2025/5/4 4:43
user_034,logout,2025/4/20 9:04
user_034,purchase,2025/4/10 11:35
user_034,view_content,2025/5/1 11:34
user_034,logout,2025/4/13 7:09
user_034,purchase,2025/4/21 10:24
user_035,click_ad,2025/4/25 3:51
user_035,view_content,2025/4/23 3:14
user_035,login,2025/4/29 14:29
user_035,click_ad,2025/4/20 10:51
user_035,view_content,2025/4/9 9:41
user_035,purchase,2025/4/27 14:29
user_035,click_ad,2025/5/7 23:27
user_035,view_content,2025/4/23 20:41
user_035,login,2025/4/9 13:26
user_035,click_ad,2025/4/28 11:59
user_035,click_ad,2025/4/8 13:42
user_036,logout,2025/4/15 7:27
user_036,view_content,2025/4/17 6:58
user_036,view_content,2025/4/29 1:00
user_036,logout,2025/4/11 21:43
user_036,purchase,2025/4/26 23:57
user_036,purchase,2025/5/6 23:51
user_036,logout,2025/4/15 2:33
user_036,click_ad,2025/4/29 0:23
user_036,login,2025/5/2 23:00
user_036,purchase,2025/4/22 7:10
user_036,login,2025/4/27 6:30
user_036,view_content,2025/5/2 16:50
user_036,view_content,2025/4/20 2:58
user_036,purchase,2025/5/2 2:16
user_037,click_ad,2025/5/7 9:02
user_037,view_content,2025/4/9 7:53
user_037,login,2025/5/5 5:28
user_037,click_ad,2025/4/21 1:29
user_037,purchase,2025/4/10 5:33
user_037,view_content,2025/4/15 13:33
user_037,purchase,2025/4/18 19:11
user_037,click_ad,2025/4/30 10:51
user_037,click_ad,2025/4/8 14:05
user_037,click_ad,2025/4/12 1:29
user_037,logout,2025/5/4 19:26
user_037,logout,2025/4/25 0:54
user_037,login,2025/4/19 21:50
user_037,click_ad,2025/5/5 19:44
user_037,click_ad,2025/4/26 0:22
user_037,view_content,2025/4/18 8:45
user_037,login,2025/4/25 1:48
user_037,login,2025/4/15 3:37
user_037,purchase,2025/5/1 23:08
user_037,click_ad,2025/5/6 7:19
user_037,view_content,2025/4/19 2:06
user_037,purchase,2025/4/23 19:13
user_037,logout,2025/4/24 10:21
user_037,click_ad,2025/4/26 2:34
user_037,login,2025/4/27 7:31
user_037,click_ad,2025/4/27 22:10
user_037,click_ad,2025/4/12 17:42
user_038,logout,2025/4/24 8:12
user_038,view_content,2025/4/30 19:05
user_038,view_content,2025/4/21 18:42
user_038,view_content,2025/4/12 13:47
user_038,purchase,2025/4/13 18:05
user_038,view_content,2025/4/26 1:33
user_038,purchase,2025/4/19 6:28
user_038,logout,2025/4/26 21:48
user_038,click_ad,2025/4/24 0:04
user_038,purchase,2025/4/13 22:18
user_038,logout,2025/5/2 11:18
user_038,purchase,2025/4/30 15:31
user_038,logout,2025/4/9 9:28
user_038,view_content,2025/4/26 20:21
user_038,view_content,2025/4/28 1:20
user_038,logout,2025/5/2 14:19
user_038,login,2025/4/19 5:40
user_038,logout,2025/4/12 22:47
user_038,purchase,2025/4/8 23:32
user_038,logout,2025/4/13 9:29
user_038,click_ad,2025/5/2 18:50
user_038,login,2025/5/5 13:58
user_038,logout,2025/4/25 18:46
user_038,login,2025/4/9 17:43
user_038,login,2025/4/28 4:35
user_038,logout,2025/4/24 17:15
user_038,logout,2025/4/27 7:35
user_038,view_content,2025/4/12 3:16
user_038,logout,2025/4/28 12:19
user_038,logout,2025/5/1 7:01
user_039,view_content,2025/4/26 23:48
user_039,view_content,2025/4/24 2:46
user_039,click_ad,2025/5/1 19:31
user_039,logout,2025/5/6 17:44
user_039,purchase,2025/4/9 7:05
user_039,login,2025/5/7 2:03
user_039,view_content,2025/4/26 15:17
user_040,logout,2025/4/27 3:32
user_040,purchase,2025/4/14 12:50
user_040,login,2025/5/7 12:26
user_040,logout,2025/4/13 20:11
user_040,purchase,2025/4/10 10:32
user_040,login,2025/4/15 12:28
user_040,purchase,2025/4/29 22:07
user_040,view_content,2025/4/13 5:33
user_040,logout,2025/4/12 15:37
user_040,purchase,2025/5/8 2:13
user_040,purchase,2025/4/20 1:40
user_040,logout,2025/4/10 22:27
user_040,login,2025/4/12 14:35
user_040,logout,2025/4/19 15:28
user_040,purchase,2025/4/14 13:35
user_040,click_ad,2025/4/18 8:47
user_040,login,2025/4/24 12:58
user_040,purchase,2025/5/6 18:25
user_040,click_ad,2025/5/1 12:48
user_040,login,2025/4/13 5:52
user_040,view_content,2025/4/30 14:35
user_040,logout,2025/4/24 18:08
user_041,login,2025/4/13 15:20
user_041,login,2025/4/14 6:11
user_041,purchase,2025/4/21 13:22
user_041,click_ad,2025/4/15 1:16
user_041,login,2025/5/1 8:40
user_041,logout,2025/4/16 16:07
user_041,login,2025/4/19 17:37
user_041,login,2025/4/17 7:24
user_041,purchase,2025/4/17 12:53
user_041,login,2025/4/19 3:33
user_041,click_ad,2025/4/30 20:34
user_041,purchase,2025/5/1 21:04
user_041,view_content,2025/4/25 11:20
user_041,view_content,2025/5/3 12:33
user_041,purchase,2025/4/20 19:05
user_041,click_ad,2025/5/1 19:47
user_041,purchase,2025/4/9 19:46
user_041,purchase,2025/4/22 7:45
user_041,purchase,2025/4/23 9:11
user_041,purchase,2025/4/29 20:14
user_041,login,2025/4/11 2:10
user_041,logout,2025/4/30 16:50
user_041,view_content,2025/5/2 7:27
user_041,click_ad,2025/5/6 7:59
user_041,login,2025/4/12 22:52
user_041,view_content,2025/5/3 18:48
user_041,logout,2025/4/18 5:11
user_041,purchase,2025/4/12 11:21
user_041,logout,2025/4/12 0:07
user_042,view_content,2025/4/19 4:23
user_042,view_content,2025/4/27 17:06
user_042,login,2025/4/30 15:27
user_042,login,2025/5/2 11:39
user_042,click_ad,2025/4/27 13:58
user_042,purchase,2025/5/1 9:03
user_042,logout,2025/5/1 7:27
user_042,purchase,2025/4/28 0:25
user_042,logout,2025/4/22 13:16
user_042,purchase,2025/4/15 1:34
user_042,view_content,2025/4/10 6:58
user_042,view_content,2025/4/30 11:26
user_042,purchase,2025/4/28 17:42
user_042,click_ad,2025/4/29 3:12
user_042,view_content,2025/5/4 4:27
user_042,click_ad,2025/4/16 10:56
user_042,view_content,2025/4/19 15:43
user_042,login,2025/4/18 3:18
user_042,login,2025/4/23 8:17
user_042,purchase,2025/4/26 14:28
user_042,logout,2025/4/25 1:23
user_042,login,2025/5/8 6:32
user_042,view_content,2025/4/20 10:57
user_042,view_content,2025/4/30 13:00
user_042,login,2025/5/6 18:24
user_042,login,2025/5/6 20:47
user_042,logout,2025/4/24 6:24
user_042,login,2025/5/5 14:27
user_043,purchase,2025/4/30 0:34
user_043,logout,2025/4/8 15:09
user_043,login,2025/4/10 17:47
user_043,view_content,2025/4/20 0:19
user_043,login,2025/4/19 6:51
user_043,purchase,2025/4/29 13:15
user_043,purchase,2025/5/1 16:45
user_043,view_content,2025/4/9 17:03
user_043,logout,2025/4/26 8:13
user_043,view_content,2025/4/25 7:33
user_043,login,2025/4/12 13:08
user_043,view_content,2025/4/14 0:47
user_043,logout,2025/4/25 2:23
user_043,click_ad,2025/5/4 3:13
user_043,view_content,2025/4/20 11:29
user_043,logout,2025/4/29 1:19
user_043,click_ad,2025/4/17 17:01
user_044,logout,2025/4/8 16:25
user_044,logout,2025/4/9 13:14
user_044,click_ad,2025/5/8 1:11
user_044,view_content,2025/4/15 11:53
user_044,click_ad,2025/4/16 21:21
user_044,view_content,2025/4/14 23:34
user_044,logout,2025/4/30 12:07
user_044,view_content,2025/4/24 8:38
user_044,purchase,2025/4/24 21:58
user_044,click_ad,2025/4/25 18:43
user_044,click_ad,2025/5/7 16:00
user_044,login,2025/4/24 22:10
user_044,logout,2025/5/6 22:08
user_044,logout,2025/4/10 15:00
user_044,view_content,2025/4/22 21:59
user_044,purchase,2025/4/20 1:38
user_044,logout,2025/4/28 16:17
user_044,purchase,2025/5/5 17:14
user_044,login,2025/4/9 18:10
user_044,click_ad,2025/5/3 13:19
user_044,purchase,2025/4/23 2:07
user_044,logout,2025/4/23 8:06
user_044,click_ad,2025/5/5 1:42
user_044,purchase,2025/5/6 11:48
user_044,purchase,2025/5/3 20:16
user_044,view_content,2025/4/11 3:18
user_044,click_ad,2025/4/20 12:43
user_044,purchase,2025/4/20 16:09
user_044,view_content,2025/4/15 15:42
user_044,logout,2025/4/8 16:40
user_045,purchase,2025/4/25 0:32
user_045,view_content,2025/4/26 7:56
user_045,view_content,2025/5/7 23:38
user_045,click_ad,2025/5/6 3:20
user_045,view_content,2025/4/24 17:33
user_045,purchase,2025/4/24 12:16
user_045,login,2025/4/30 20:28
user_045,logout,2025/5/6 2:10
user_045,purchase,2025/4/16 2:56
user_045,purchase,2025/4/28 14:51
user_045,logout,2025/4/21 22:50
user_046,logout,2025/4/17 18:31
user_046,view_content,2025/5/5 18:11
user_046,purchase,2025/4/20 16:57
user_046,view_content,2025/5/5 17:44
user_046,click_ad,2025/5/6 20:24
user_046,view_content,2025/5/5 7:21
user_046,click_ad,2025/4/26 2:42
user_046,login,2025/4/20 20:12
user_046,purchase,2025/5/4 16:37
user_046,click_ad,2025/5/7 23:03
user_046,login,2025/4/22 4:43
user_046,logout,2025/4/23 5:50
user_046,view_content,2025/4/9 4:00
user_046,login,2025/4/9 9:33
user_046,click_ad,2025/4/18 6:45
user_046,purchase,2025/4/17 2:58
user_046,logout,2025/4/26 21:11
user_046,logout,2025/5/7 10:07
user_046,login,2025/4/16 1:59
user_046,login,2025/4/13 17:23
user_046,view_content,2025/4/30 11:20
user_046,logout,2025/4/10 9:23
user_046,logout,2025/5/8 6:50
user_046,view_content,2025/5/3 15:21
user_046,purchase,2025/4/17 19:45
user_046,view_content,2025/5/8 2:25
user_046,click_ad,2025/5/3 10:32
user_046,click_ad,2025/5/1 14:39
user_046,login,2025/4/10 16:53
user_047,view_content,2025/4/11 14:55
user_047,view_content,2025/4/17 16:07
user_047,login,2025/4/19 12:15
user_047,purchase,2025/4/20 19:08
user_047,view_content,2025/4/13 22:39
user_047,logout,2025/5/6 1:06
user_047,view_content,2025/4/30 22:44
user_047,purchase,2025/4/11 14:25
user_048,view_content,2025/4/14 10:08
user_048,logout,2025/4/21 3:49
user_048,click_ad,2025/4/20 8:35
user_048,click_ad,2025/4/13 23:40
user_048,purchase,2025/4/9 11:36
user_048,purchase,2025/4/27 13:53
user_048,logout,2025/4/11 16:26
user_048,click_ad,2025/4/20 6:05
user_048,click_ad,2025/5/1 5:24
user_048,click_ad,2025/4/25 15:19
user_048,click_ad,2025/4/21 17:46
user_048,logout,2025/4/30 9:22
user_048,purchase,2025/4/20 16:02
user_048,purchase,2025/4/10 4:08
user_048,login,2025/4/9 16:12
user_048,purchase,2025/5/6 17:58
user_048,click_ad,2025/5/3 20:10
user_049,view_content,2025/4/14 4:53
user_049,click_ad,2025/4/12 11:14
user_049,click_ad,2025/4/20 17:33
user_049,purchase,2025/5/3 18:38
user_049,login,2025/4/13 0:41
user_049,logout,2025/4/18 10:19
user_049,view_content,2025/4/9 18:08
user_049,view_content,2025/4/23 10:25
user_049,login,2025/5/1 2:36
user_049,click_ad,2025/4/8 22:29
user_049,logout,2025/4/21 22:39
user_049,logout,2025/4/17 16:19
user_049,logout,2025/5/5 2:04
user_049,purchase,2025/5/4 18:36
user_049,click_ad,2025/4/26 16:43
user_049,view_content,2025/4/28 7:05
user_049,view_content,2025/4/24 16:06
user_049,click_ad,2025/4/12 18:44
user_049,view_content,2025/4/30 0:46
user_049,purchase,2025/5/3 10:47
user_049,logout,2025/4/9 1:57
user_049,view_content,2025/4/28 11:01
user_049,purchase,2025/4/26 14:02
user_049,logout,2025/4/18 17:03
user_050,click_ad,2025/5/7 2:26
user_050,click_ad,2025/4/30 5:07
user_050,purchase,2025/4/24 1:46
user_050,purchase,2025/4/29 21:48
user_050,purchase,2025/4/29 21:12
user_051,view_content,2025/4/11 17:14
user_051,click_ad,2025/4/21 10:31
user_051,view_content,2025/5/6 8:52
user_051,view_content,2025/4/16 12:52
user_051,logout,2025/4/17 20:33
user_051,purchase,2025/4/8 11:53
user_051,view_content,2025/5/5 7:32
user_051,logout,2025/4/29 9:54
user_051,login,2025/4/25 11:08
user_051,logout,2025/4/23 22:24
user_051,login,2025/4/19 4:38
user_051,login,2025/4/30 11:19
user_052,login,2025/4/26 15:19
user_052,login,2025/5/4 11:58
user_052,purchase,2025/4/23 5:47
user_052,view_content,2025/4/17 6:09
user_052,view_content,2025/4/16 8:30
user_052,login,2025/4/26 11:27
user_052,view_content,2025/4/9 15:33
user_052,login,2025/5/4 19:02
user_052,view_content,2025/4/18 1:23
user_052,logout,2025/4/13 19:56
user_052,purchase,2025/4/8 18:00
user_052,click_ad,2025/4/12 14:21
user_052,login,2025/4/25 1:56
user_052,logout,2025/4/20 22:16
user_052,logout,2025/4/22 7:42
user_052,purchase,2025/5/2 2:19
user_052,purchase,2025/4/19 4:40
user_052,login,2025/4/16 12:13
user_053,login,2025/5/7 6:24
user_053,logout,2025/4/9 23:59
user_053,logout,2025/5/2 21:06
user_053,purchase,2025/4/14 10:14
user_053,login,2025/4/21 2:58
user_053,login,2025/5/1 2:52
user_053,logout,2025/5/3 1:19
user_053,click_ad,2025/4/28 0:23
user_053,logout,2025/4/30 8:07
user_053,click_ad,2025/5/1 21:30
user_053,login,2025/4/9 6:11
user_053,logout,2025/5/7 21:41
user_053,purchase,2025/4/10 6:04
user_053,view_content,2025/5/7 7:56
user_053,login,2025/4/13 1:45
user_053,login,2025/4/17 17:11
user_053,logout,2025/4/13 23:59
user_053,view_content,2025/5/3 4:40
user_053,view_content,2025/4/11 12:32
user_053,view_content,2025/4/25 19:01
user_054,logout,2025/5/5 21:53
user_054,logout,2025/5/4 8:27
user_054,click_ad,2025/4/17 14:46
user_054,click_ad,2025/5/1 13:07
user_054,click_ad,2025/4/29 11:22
user_054,purchase,2025/4/20 5:57
user_054,login,2025/4/22 10:34
user_054,click_ad,2025/4/8 14:47
user_054,purchase,2025/4/10 7:48
user_054,purchase,2025/5/7 6:27
user_054,logout,2025/4/23 18:39
user_054,view_content,2025/4/20 0:17
user_054,view_content,2025/4/25 15:25
user_054,click_ad,2025/5/8 6:27
user_054,login,2025/4/23 4:49
user_054,login,2025/5/1 15:50
user_054,login,2025/4/20 23:43
user_054,purchase,2025/4/8 13:08
user_055,purchase,2025/5/1 19:23
user_055,purchase,2025/4/27 18:47
user_055,logout,2025/4/28 2:58
user_055,purchase,2025/4/19 19:52
user_055,login,2025/4/16 13:26
user_055,login,2025/4/13 21:40
user_055,view_content,2025/4/30 23:46
user_055,login,2025/5/4 20:39
user_055,purchase,2025/4/29 17:33
user_055,purchase,2025/4/8 13:41
user_055,click_ad,2025/4/13 5:58
user_055,logout,2025/4/24 19:32
user_055,login,2025/5/7 20:50
user_055,logout,2025/4/17 13:21
user_055,login,2025/4/11 8:21
user_055,view_content,2025/4/21 18:34
user_056,view_content,2025/5/7 5:19
user_056,logout,2025/4/22 2:59
user_056,purchase,2025/4/29 22:49
user_056,click_ad,2025/4/21 0:22
user_056,login,2025/4/20 7:12
user_056,login,2025/4/15 13:56
user_056,click_ad,2025/5/6 17:22
user_056,logout,2025/4/18 19:31
user_056,logout,2025/5/5 2:03
user_056,login,2025/5/8 6:44
user_056,view_content,2025/4/8 15:05
user_056,click_ad,2025/4/22 8:01
user_056,login,2025/4/30 11:23
user_056,view_content,2025/5/5 6:02
user_056,logout,2025/4/27 9:58
user_056,view_content,2025/4/28 10:36
user_056,purchase,2025/4/19 19:13
user_056,login,2025/4/23 20:04
user_056,click_ad,2025/4/9 13:55
user_056,view_content,2025/5/6 20:00
user_056,logout,2025/4/14 23:25
user_056,view_content,2025/5/3 19:30
user_056,logout,2025/4/23 23:12
user_057,purchase,2025/4/20 14:54
user_057,logout,2025/4/14 18:26
user_057,click_ad,2025/4/10 14:51
user_057,purchase,2025/4/12 17:21
user_057,view_content,2025/4/10 5:13
user_057,login,2025/4/12 20:25
user_057,logout,2025/4/26 2:24
user_057,click_ad,2025/4/23 20:26
user_057,login,2025/5/4 12:33
user_057,login,2025/4/17 18:32
user_057,purchase,2025/4/19 3:10
user_057,view_content,2025/4/18 2:27
user_057,login,2025/4/23 8:15
user_057,click_ad,2025/4/10 5:15
user_057,logout,2025/4/12 1:13
user_057,logout,2025/5/3 13:01
user_057,logout,2025/4/25 15:58
user_057,purchase,2025/4/24 11:29
user_057,click_ad,2025/5/2 3:30
user_057,login,2025/4/19 22:33
user_057,click_ad,2025/4/19 16:18
user_057,purchase,2025/4/10 1:23
user_057,purchase,2025/4/12 18:48
user_057,view_content,2025/4/17 22:29
user_057,click_ad,2025/5/3 0:38
user_057,logout,2025/4/17 11:37
user_057,purchase,2025/4/21 21:15
user_058,purchase,2025/4/17 8:48
user_058,view_content,2025/4/19 17:01
user_058,logout,2025/4/10 1:30
user_058,purchase,2025/4/25 18:46
user_058,login,2025/5/6 19:04
user_058,logout,2025/4/17 8:56
user_058,click_ad,2025/4/27 2:03
user_058,view_content,2025/4/22 3:00
user_058,login,2025/4/24 5:11
user_058,login,2025/4/17 14:57
user_058,click_ad,2025/5/6 13:51
user_058,view_content,2025/4/9 11:50
user_058,purchase,2025/4/15 15:47
user_058,view_content,2025/4/23 15:47
user_058,purchase,2025/5/1 9:22
user_058,click_ad,2025/4/12 11:03
user_058,click_ad,2025/4/14 23:46
user_058,login,2025/4/15 1:31
user_058,login,2025/4/22 20:35
user_059,login,2025/4/23 19:10
user_059,click_ad,2025/4/17 6:36
user_059,purchase,2025/5/1 20:19
user_059,click_ad,2025/4/24 7:10
user_059,click_ad,2025/4/12 15:57
user_059,login,2025/4/12 17:11
user_060,view_content,2025/5/1 16:32
user_060,login,2025/4/22 7:33
user_060,view_content,2025/5/3 16:14
user_060,purchase,2025/4/16 16:33
user_060,purchase,2025/4/19 19:13
user_060,logout,2025/5/4 11:49
user_061,logout,2025/4/13 1:46
user_061,logout,2025/4/28 14:27
user_061,purchase,2025/5/5 4:26
user_061,login,2025/4/15 19:46
user_061,login,2025/4/12 1:23
user_061,login,2025/4/27 21:51
user_061,click_ad,2025/4/18 23:30
user_061,logout,2025/4/12 20:43
user_061,login,2025/4/21 9:53
user_061,logout,2025/4/24 21:40
user_061,logout,2025/4/20 20:44
user_061,click_ad,2025/4/23 8:28
user_061,purchase,2025/4/12 15:27
user_061,login,2025/4/22 10:52
user_061,click_ad,2025/4/29 13:08
user_061,purchase,2025/4/11 23:31
user_061,purchase,2025/4/15 23:48
user_061,login,2025/5/4 0:32
user_061,logout,2025/4/10 2:37
user_061,view_content,2025/4/20 0:41
user_061,logout,2025/4/20 5:41
user_061,logout,2025/5/3 10:10
user_061,view_content,2025/4/9 15:34
user_061,purchase,2025/4/14 19:39
user_061,view_content,2025/4/19 11:43
user_061,view_content,2025/4/14 2:20
user_061,click_ad,2025/4/20 3:40
user_062,click_ad,2025/4/9 15:53
user_062,click_ad,2025/4/21 8:26
user_062,purchase,2025/4/25 12:58
user_062,view_content,2025/4/13 5:43
user_062,login,2025/5/6 14:40
user_062,view_content,2025/4/22 12:23
user_062,purchase,2025/4/8 23:29
user_062,click_ad,2025/4/18 12:02
user_062,purchase,2025/4/28 13:09
user_062,click_ad,2025/5/2 23:18
user_062,purchase,2025/5/3 17:55
user_062,login,2025/4/18 14:08
user_062,click_ad,2025/5/4 4:19
user_062,click_ad,2025/4/17 14:17
user_062,view_content,2025/5/8 5:14
user_062,purchase,2025/4/23 23:08
user_062,logout,2025/4/23 0:21
user_062,logout,2025/4/28 14:17
user_062,view_content,2025/5/7 19:40
user_062,purchase,2025/4/30 19:14
user_062,login,2025/5/6 1:48
user_062,view_content,2025/4/29 20:42
user_062,click_ad,2025/4/29 13:40
user_062,login,2025/5/5 7:35
user_062,purchase,2025/4/8 18:15
user_062,click_ad,2025/5/7 19:40
user_063,logout,2025/4/17 8:16
user_063,purchase,2025/4/11 9:54
user_063,click_ad,2025/5/1 14:24
user_063,purchase,2025/4/25 14:56
user_063,click_ad,2025/4/21 9:07
user_063,purchase,2025/4/27 5:15
user_063,logout,2025/4/15 9:19
user_063,view_content,2025/4/20 17:52
user_063,click_ad,2025/4/16 6:11
user_063,click_ad,2025/5/6 15:46
user_063,logout,2025/5/1 20:24
user_063,view_content,2025/4/24 20:51
user_063,purchase,2025/4/14 8:04
user_063,click_ad,2025/5/5 22:51
user_063,view_content,2025/5/7 15:13
user_063,purchase,2025/4/19 10:29
user_063,click_ad,2025/5/6 7:26
user_063,click_ad,2025/5/7 2:55
user_063,purchase,2025/4/16 19:41
user_063,logout,2025/4/21 19:10
user_063,view_content,2025/5/7 15:51
user_063,click_ad,2025/5/1 4:45
user_063,purchase,2025/4/18 10:02
user_064,click_ad,2025/4/16 5:32
user_064,purchase,2025/5/7 5:18
user_064,click_ad,2025/5/6 14:21
user_064,login,2025/4/24 2:13
user_064,logout,2025/4/20 18:15
user_064,view_content,2025/4/14 5:59
user_064,logout,2025/5/4 5:59
user_064,logout,2025/4/16 9:51
user_064,view_content,2025/4/30 1:58
user_064,logout,2025/4/29 16:25
user_064,login,2025/4/24 2:42
user_064,purchase,2025/5/2 19:34
user_064,view_content,2025/4/17 14:49
user_064,purchase,2025/5/3 5:07
user_064,click_ad,2025/4/24 19:02
user_064,login,2025/4/9 16:52
user_064,purchase,2025/4/14 21:01
user_064,purchase,2025/4/24 12:25
user_064,view_content,2025/4/29 12:54
user_064,click_ad,2025/4/30 18:04
user_064,view_content,2025/5/4 23:20
user_064,click_ad,2025/4/20 20:26
user_064,view_content,2025/4/11 22:37
user_064,purchase,2025/5/4 0:41
user_064,purchase,2025/5/6 23:36
user_064,login,2025/4/22 13:59
user_064,purchase,2025/5/7 8:57
user_064,logout,2025/4/16 18:19
user_064,purchase,2025/4/15 5:50
user_065,logout,2025/5/7 2:02
user_065,purchase,2025/4/21 4:36
user_065,logout,2025/4/14 21:12
user_065,logout,2025/5/4 22:11
user_065,purchase,2025/5/7 17:02
user_065,logout,2025/4/13 5:17
user_065,login,2025/4/27 1:31
user_065,click_ad,2025/4/21 23:34
user_065,logout,2025/4/28 13:01
user_065,logout,2025/4/25 10:51
user_065,login,2025/4/21 14:09
user_065,login,2025/4/10 16:52
user_065,view_content,2025/4/26 3:07
user_065,click_ad,2025/4/27 15:20
user_065,view_content,2025/4/8 18:20
user_065,logout,2025/5/5 9:21
user_065,login,2025/4/17 4:24
user_065,logout,2025/4/21 13:32
user_065,purchase,2025/4/30 10:14
user_065,click_ad,2025/4/25 6:11
user_065,purchase,2025/4/12 7:09
user_065,login,2025/4/28 4:45
user_065,login,2025/5/7 2:09
user_065,login,2025/4/21 0:52
user_065,click_ad,2025/4/13 4:32
user_065,view_content,2025/5/3 22:56
user_065,logout,2025/4/11 13:07
user_065,logout,2025/5/3 1:22
user_065,logout,2025/4/28 11:17
user_065,logout,2025/4/14 2:20
user_066,logout,2025/4/13 12:50
user_066,view_content,2025/5/3 3:48
user_066,purchase,2025/4/29 17:47
user_066,click_ad,2025/4/15 10:19
user_066,purchase,2025/4/9 8:28
user_066,purchase,2025/4/12 17:37
user_066,logout,2025/4/22 3:40
user_066,logout,2025/5/3 22:16
user_066,view_content,2025/4/16 7:40
user_066,click_ad,2025/5/4 10:38
user_066,login,2025/4/18 0:58
user_066,purchase,2025/4/26 23:23
user_066,login,2025/4/15 10:15
user_066,click_ad,2025/4/26 10:05
user_066,purchase,2025/4/28 18:46
user_066,login,2025/5/4 13:39
user_066,login,2025/5/6 13:07
user_066,view_content,2025/4/14 15:50
user_066,click_ad,2025/4/11 12:59
user_066,click_ad,2025/5/3 18:18
user_066,click_ad,2025/5/2 4:29
user_066,purchase,2025/4/23 8:30
user_066,view_content,2025/5/8 9:04
user_066,logout,2025/4/30 8:04
user_066,purchase,2025/4/16 12:59
user_066,click_ad,2025/4/12 1:12
user_067,purchase,2025/5/5 5:32
user_067,login,2025/4/20 14:37
user_067,purchase,2025/4/23 14:18
user_067,purchase,2025/4/26 10:57
user_067,click_ad,2025/5/1 10:05
user_067,login,2025/4/24 6:00
user_067,click_ad,2025/5/7 5:17
user_067,login,2025/4/30 7:40
user_067,login,2025/5/5 7:48
user_067,login,2025/5/6 4:38
user_067,click_ad,2025/5/7 23:03
user_067,login,2025/5/6 19:36
user_067,view_content,2025/4/24 1:37
user_067,view_content,2025/4/25 21:28
user_067,logout,2025/4/20 17:26
user_067,view_content,2025/4/28 22:08
user_067,logout,2025/4/19 17:35
user_067,view_content,2025/5/5 2:54
user_067,click_ad,2025/5/7 11:06
user_067,logout,2025/4/12 8:26
user_067,purchase,2025/5/1 7:37
user_067,purchase,2025/5/3 15:03
user_067,view_content,2025/4/26 21:40
user_067,purchase,2025/5/1 9:56
user_067,view_content,2025/4/24 8:39
user_067,view_content,2025/5/6 20:41
user_067,purchase,2025/4/28 18:36
user_067,purchase,2025/4/19 19:55
user_067,login,2025/4/16 18:27
user_067,logout,2025/4/20 1:01
user_068,view_content,2025/4/13 6:28
user_068,purchase,2025/4/16 10:38
user_068,logout,2025/4/15 22:33
user_068,purchase,2025/4/19 11:25
user_068,purchase,2025/5/7 5:15
user_068,login,2025/4/17 4:48
user_068,view_content,2025/4/28 9:33
user_068,view_content,2025/4/17 4:35
user_068,click_ad,2025/4/17 0:31
user_068,login,2025/4/22 7:41
user_068,logout,2025/4/17 6:33
user_068,login,2025/4/29 4:15
user_068,logout,2025/5/7 3:14
user_068,view_content,2025/4/24 7:38
user_068,click_ad,2025/4/14 17:19
user_068,click_ad,2025/5/4 1:03
user_068,view_content,2025/4/19 9:13
user_068,purchase,2025/4/14 16:57
user_068,login,2025/4/24 1:34
user_068,click_ad,2025/5/1 8:52
user_068,purchase,2025/4/14 11:27
user_068,logout,2025/4/13 20:32
user_068,click_ad,2025/4/26 19:31
user_068,logout,2025/5/6 2:51
user_068,purchase,2025/5/1 7:24
user_068,logout,2025/4/16 12:58
user_068,purchase,2025/5/2 20:34
user_068,logout,2025/4/11 8:39
user_068,login,2025/4/30 9:00
user_068,click_ad,2025/4/28 0:23
user_069,click_ad,2025/5/2 21:14
user_069,purchase,2025/4/26 6:06
user_069,logout,2025/4/28 8:00
user_069,view_content,2025/5/5 19:20
user_069,click_ad,2025/5/8 5:10
user_069,logout,2025/4/20 3:29
user_069,logout,2025/5/7 18:21
user_069,login,2025/5/1 14:49
user_069,view_content,2025/4/26 14:24
user_069,click_ad,2025/4/21 20:10
user_069,login,2025/5/1 23:45
user_069,view_content,2025/4/15 6:04
user_069,click_ad,2025/4/30 0:50
user_069,login,2025/5/5 5:25
user_069,view_content,2025/5/8 9:52
user_069,click_ad,2025/4/12 0:29
user_069,view_content,2025/5/4 3:50
user_069,logout,2025/4/23 6:29
user_069,purchase,2025/4/30 2:52
user_069,purchase,2025/5/8 2:03
user_069,logout,2025/4/25 11:20
user_069,view_content,2025/4/16 2:21
user_069,logout,2025/4/13 15:36
user_069,purchase,2025/4/27 13:57
user_069,purchase,2025/4/14 14:20
user_069,view_content,2025/4/30 4:31
user_070,purchase,2025/4/19 22:43
user_070,logout,2025/5/2 0:50
user_070,view_content,2025/4/20 2:05
user_070,logout,2025/5/1 18:26
user_070,view_content,2025/4/17 8:26
user_070,purchase,2025/4/26 14:15
user_070,click_ad,2025/4/15 22:58
user_070,view_content,2025/4/20 8:49
user_070,view_content,2025/4/17 12:15
user_070,click_ad,2025/4/9 7:11
user_070,purchase,2025/4/17 7:25
user_070,logout,2025/4/29 13:47
user_070,login,2025/4/23 6:16
user_070,click_ad,2025/4/26 23:51
user_070,login,2025/4/17 21:44
user_070,purchase,2025/4/8 21:56
user_070,view_content,2025/4/23 15:15
user_070,view_content,2025/5/4 14:39
user_070,purchase,2025/5/1 18:09
user_070,logout,2025/5/4 20:29
user_070,logout,2025/4/30 9:14
user_071,purchase,2025/4/15 22:16
user_071,purchase,2025/4/22 7:09
user_071,purchase,2025/4/29 15:04
user_071,purchase,2025/5/6 14:00
user_071,purchase,2025/4/28 16:40
user_071,purchase,2025/4/14 15:50
user_071,view_content,2025/4/10 4:46
user_071,login,2025/4/19 21:09
user_071,logout,2025/4/26 7:33
user_071,login,2025/4/24 5:15
user_071,view_content,2025/4/10 8:12
user_071,click_ad,2025/4/8 16:48
user_071,login,2025/4/11 11:54
user_071,click_ad,2025/4/25 2:49
user_071,view_content,2025/4/14 17:29
user_071,logout,2025/4/11 5:29
user_071,click_ad,2025/4/19 6:35
user_071,view_content,2025/4/17 4:17
user_071,purchase,2025/4/20 15:46
user_071,logout,2025/4/8 13:42
user_071,purchase,2025/4/8 10:23
user_071,logout,2025/4/24 11:40
user_071,logout,2025/5/4 11:09
user_071,login,2025/4/21 5:39
user_072,logout,2025/4/23 23:25
user_072,login,2025/4/10 5:57
user_072,click_ad,2025/4/24 20:53
user_072,logout,2025/5/8 1:20
user_072,click_ad,2025/4/18 14:34
user_072,logout,2025/4/24 3:39
user_072,login,2025/4/14 7:37
user_072,purchase,2025/4/19 3:41
user_072,logout,2025/5/6 0:59
user_072,view_content,2025/4/23 20:08
user_072,purchase,2025/5/4 3:05
user_072,login,2025/4/9 12:23
user_072,view_content,2025/5/3 14:03
user_072,click_ad,2025/4/17 23:40
user_073,login,2025/5/1 7:29
user_073,purchase,2025/5/3 21:16
user_073,click_ad,2025/4/12 11:14
user_073,click_ad,2025/5/1 3:57
user_073,login,2025/4/13 14:27
user_073,purchase,2025/4/8 10:35
user_073,login,2025/4/30 2:20
user_073,view_content,2025/4/24 20:28
user_073,view_content,2025/4/19 7:06
user_073,logout,2025/4/25 0:08
user_074,click_ad,2025/5/4 2:22
user_074,logout,2025/4/26 9:56
user_074,purchase,2025/4/18 12:33
user_074,view_content,2025/5/1 21:42
user_074,logout,2025/4/28 22:21
user_074,view_content,2025/5/5 2:19
user_074,view_content,2025/4/21 8:13
user_074,view_content,2025/4/12 0:12
user_074,login,2025/4/10 22:02
user_074,logout,2025/5/1 5:21
user_074,click_ad,2025/4/21 16:55
user_074,logout,2025/4/10 13:09
user_074,click_ad,2025/4/23 15:54
user_074,logout,2025/4/13 10:38
user_074,logout,2025/4/20 0:37
user_074,view_content,2025/4/14 21:09
user_074,click_ad,2025/4/26 7:09
user_074,click_ad,2025/5/4 0:56
user_074,click_ad,2025/4/13 23:19
user_075,logout,2025/5/7 20:17
user_075,click_ad,2025/4/16 1:44
user_075,logout,2025/4/13 1:20
user_075,login,2025/5/4 17:35
user_075,view_content,2025/4/24 10:55
user_075,purchase,2025/4/26 20:50
user_075,login,2025/4/29 19:19
user_075,click_ad,2025/4/26 14:15
user_075,view_content,2025/4/17 0:32
user_075,view_content,2025/4/24 5:51
user_075,view_content,2025/4/24 11:23
user_075,view_content,2025/5/3 14:55
user_075,click_ad,2025/5/1 17:20
user_075,view_content,2025/4/26 19:57
user_075,purchase,2025/4/19 20:02
user_075,purchase,2025/4/20 12:14
user_075,view_content,2025/4/11 0:48
user_075,logout,2025/4/11 6:16
user_075,click_ad,2025/5/1 15:02
user_075,purchase,2025/4/30 15:09
user_075,purchase,2025/4/23 5:59
user_075,purchase,2025/4/25 6:52
user_075,login,2025/4/23 21:53
user_075,login,2025/5/3 9:14
user_075,purchase,2025/4/22 10:16
user_075,logout,2025/5/6 5:41
user_076,click_ad,2025/4/29 21:18
user_076,click_ad,2025/4/17 16:41
user_076,purchase,2025/4/23 18:36
user_076,purchase,2025/4/23 11:31
user_076,click_ad,2025/4/27 19:35
user_076,logout,2025/4/11 5:58
user_076,login,2025/4/21 7:38
user_076,login,2025/4/29 3:29
user_076,purchase,2025/4/11 12:31
user_076,click_ad,2025/4/13 20:25
user_076,login,2025/4/23 19:30
user_076,logout,2025/5/8 4:41
user_076,purchase,2025/4/27 17:54
user_076,view_content,2025/4/27 16:34
user_076,purchase,2025/4/14 17:58
user_077,view_content,2025/5/3 20:37
user_077,purchase,2025/5/7 20:50
user_077,click_ad,2025/4/9 4:32
user_077,click_ad,2025/4/24 8:41
user_077,click_ad,2025/4/11 23:02
user_077,click_ad,2025/4/29 10:21
user_077,logout,2025/5/2 0:38
user_077,logout,2025/5/1 4:23
user_077,view_content,2025/5/3 10:02
user_078,logout,2025/4/26 4:21
user_078,purchase,2025/5/4 7:56
user_078,click_ad,2025/4/17 20:41
user_078,login,2025/5/6 2:10
user_078,login,2025/5/3 8:38
user_079,login,2025/5/3 20:55
user_079,purchase,2025/5/5 1:34
user_079,login,2025/4/11 7:17
user_079,login,2025/4/11 21:19
user_079,view_content,2025/4/27 11:50
user_079,purchase,2025/4/26 0:49
user_079,purchase,2025/5/6 0:34
user_079,login,2025/4/28 17:58
user_079,purchase,2025/4/13 12:51
user_079,view_content,2025/4/24 9:58
user_079,view_content,2025/4/27 12:38
user_079,click_ad,2025/4/21 8:47
user_080,view_content,2025/4/24 16:24
user_080,click_ad,2025/4/28 23:12
user_080,login,2025/4/27 9:50
user_080,click_ad,2025/4/10 8:02
user_080,click_ad,2025/5/8 0:47
user_080,login,2025/4/21 23:18
user_080,click_ad,2025/4/15 14:30
user_080,view_content,2025/5/1 7:12
user_080,login,2025/5/3 23:25
user_080,purchase,2025/5/1 8:14
user_080,click_ad,2025/4/21 5:38
user_080,view_content,2025/4/13 10:36
user_080,purchase,2025/4/14 4:53
user_080,login,2025/4/24 15:41
user_080,login,2025/5/1 1:40
user_080,login,2025/4/22 2:28
user_080,view_content,2025/4/15 18:22
user_080,purchase,2025/4/30 8:57
user_080,login,2025/4/13 9:19
user_080,view_content,2025/4/16 3:57
user_080,logout,2025/4/24 15:55
user_080,view_content,2025/4/12 4:24
user_080,logout,2025/4/14 17:50
user_080,purchase,2025/4/19 15:43
user_080,login,2025/4/19 0:51
user_081,login,2025/4/11 16:15
user_081,click_ad,2025/4/22 0:37
user_081,login,2025/4/26 15:24
user_081,purchase,2025/4/21 13:57
user_081,view_content,2025/4/29 23:41
user_081,purchase,2025/4/26 0:25
user_081,login,2025/4/28 16:21
user_081,view_content,2025/4/29 4:23
user_081,purchase,2025/5/5 19:10
user_081,login,2025/4/13 12:15
user_081,login,2025/5/3 13:29
user_081,login,2025/4/21 3:31
user_081,click_ad,2025/4/30 5:39
user_081,click_ad,2025/4/13 13:52
user_081,click_ad,2025/4/12 2:02
user_081,view_content,2025/4/9 20:24
user_082,purchase,2025/4/10 9:58
user_082,view_content,2025/4/23 1:11
user_082,view_content,2025/4/29 16:39
user_082,login,2025/4/28 16:10
user_082,logout,2025/4/17 12:57
user_082,logout,2025/4/23 23:06
user_082,login,2025/4/9 2:01
user_082,logout,2025/4/9 14:06
user_082,view_content,2025/4/29 20:08
user_082,purchase,2025/5/8 1:02
user_082,click_ad,2025/4/27 7:43
user_082,view_content,2025/5/4 7:19
user_082,view_content,2025/4/18 10:29
user_082,purchase,2025/4/17 17:13
user_082,logout,2025/4/29 17:23
user_082,purchase,2025/5/3 14:32
user_083,view_content,2025/4/30 19:29
user_083,login,2025/4/14 22:09
user_083,login,2025/4/16 7:50
user_083,view_content,2025/4/15 18:24
user_083,login,2025/4/12 16:04
user_083,logout,2025/5/2 17:03
user_083,purchase,2025/4/23 3:17
user_083,click_ad,2025/5/3 9:49
user_083,purchase,2025/4/10 6:05
user_084,click_ad,2025/4/18 12:30
user_084,view_content,2025/4/25 18:57
user_084,view_content,2025/5/8 7:41
user_084,click_ad,2025/4/30 5:48
user_084,login,2025/4/25 19:29
user_084,view_content,2025/5/3 16:12
user_084,logout,2025/4/12 16:27
user_084,logout,2025/5/4 4:03
user_084,logout,2025/4/15 12:23
user_084,logout,2025/4/11 10:44
user_084,click_ad,2025/4/24 5:18
user_085,login,2025/5/5 15:12
user_085,click_ad,2025/4/12 6:46
user_085,view_content,2025/4/28 2:35
user_085,logout,2025/4/24 12:03
user_085,logout,2025/4/20 1:17
user_085,logout,2025/4/30 20:49
user_085,view_content,2025/4/12 19:34
user_085,purchase,2025/4/10 11:39
user_086,click_ad,2025/4/18 16:05
user_086,login,2025/4/21 10:17
user_086,view_content,2025/4/19 19:08
user_086,purchase,2025/4/20 0:36
user_086,purchase,2025/4/17 18:25
user_086,login,2025/4/14 1:48
user_086,view_content,2025/4/11 23:47
user_086,purchase,2025/4/26 1:37
user_086,logout,2025/4/27 9:47
user_086,login,2025/4/23 21:22
user_087,logout,2025/5/3 5:58
user_087,login,2025/5/1 18:21
user_087,click_ad,2025/5/2 10:17
user_087,click_ad,2025/4/12 6:02
user_087,view_content,2025/4/28 23:27
user_087,purchase,2025/4/24 15:32
user_087,logout,2025/5/4 0:47
user_087,purchase,2025/4/13 18:42
user_087,click_ad,2025/4/22 7:46
user_087,logout,2025/4/10 7:07
user_087,view_content,2025/5/7 6:09
user_087,purchase,2025/4/23 16:32
user_087,login,2025/4/14 10:57
user_087,login,2025/4/27 0:28
user_087,logout,2025/4/12 12:08
user_087,login,2025/4/11 15:44
user_087,login,2025/4/25 15:37
user_088,click_ad,2025/5/6 17:54
user_088,view_content,2025/5/7 17:00
user_088,login,2025/4/30 16:43
user_088,login,2025/4/13 5:19
user_088,purchase,2025/4/26 19:38
user_088,logout,2025/4/18 15:57
user_088,click_ad,2025/4/9 4:54
user_088,logout,2025/5/6 15:32
user_088,purchase,2025/4/26 17:34
user_088,purchase,2025/4/9 4:47
user_088,purchase,2025/4/21 21:16
user_088,login,2025/4/18 8:36
user_088,logout,2025/5/2 23:27
user_088,logout,2025/4/27 0:03
user_088,logout,2025/4/27 15:08
user_088,view_content,2025/4/26 10:10
user_088,click_ad,2025/5/8 3:28
user_088,login,2025/5/6 14:12
user_088,click_ad,2025/5/3 19:18
user_088,login,2025/4/21 2:07
user_088,logout,2025/4/9 17:29
user_088,view_content,2025/4/24 14:33
user_088,view_content,2025/4/26 15:29
user_088,logout,2025/4/9 10:37
user_089,click_ad,2025/4/10 5:12
user_089,purchase,2025/5/7 22:36
user_089,logout,2025/4/21 3:50
user_089,login,2025/5/2 18:41
user_089,click_ad,2025/4/30 11:23
user_089,purchase,2025/4/11 3:48
user_089,view_content,2025/4/24 20:29
user_089,login,2025/4/17 19:01
user_089,view_content,2025/5/2 12:16
user_089,login,2025/4/30 23:49
user_089,purchase,2025/4/13 10:52
user_089,login,2025/4/27 12:13
user_089,purchase,2025/4/25 7:00
user_089,logout,2025/4/27 20:21
user_089,logout,2025/4/25 6:03
user_089,login,2025/4/21 11:57
user_089,click_ad,2025/4/11 20:17
user_089,view_content,2025/4/23 1:30
user_089,login,2025/4/20 14:51
user_090,login,2025/4/22 9:03
user_090,view_content,2025/4/9 21:34
user_090,login,2025/5/6 6:00
user_090,view_content,2025/4/17 18:49
user_090,purchase,2025/4/18 21:54
user_090,click_ad,2025/4/15 12:31
user_090,logout,2025/4/22 5:57
user_091,logout,2025/5/5 10:32
user_091,click_ad,2025/4/16 16:04
user_091,view_content,2025/4/26 11:35
user_091,click_ad,2025/4/12 8:20
user_091,view_content,2025/4/9 5:38
user_091,click_ad,2025/4/12 8:22
user_091,login,2025/4/17 18:06
user_091,login,2025/4/21 12:45
user_091,click_ad,2025/5/1 3:11
user_091,purchase,2025/4/28 10:26
user_091,click_ad,2025/5/4 19:52
user_091,logout,2025/5/6 18:41
user_091,login,2025/5/5 18:21
user_091,click_ad,2025/4/14 15:23
user_091,logout,2025/4/13 8:43
user_091,login,2025/4/13 5:18
user_091,purchase,2025/4/25 16:55
user_091,purchase,2025/4/21 17:09
user_091,logout,2025/4/24 18:46
user_091,click_ad,2025/5/3 23:14
user_091,login,2025/4/26 21:12
user_091,purchase,2025/4/11 12:10
user_091,logout,2025/4/28 3:39
user_091,view_content,2025/4/14 5:20
user_091,click_ad,2025/4/25 9:09
user_091,view_content,2025/5/5 8:08
user_091,click_ad,2025/4/24 20:58
user_092,login,2025/4/26 2:52
user_092,logout,2025/4/15 3:11
user_092,login,2025/4/8 19:34
user_092,view_content,2025/4/15 16:43
user_092,logout,2025/4/21 13:59
user_092,login,2025/4/18 0:54
user_092,login,2025/4/26 22:02
user_092,login,2025/5/7 7:21
user_092,view_content,2025/5/1 17:12
user_092,login,2025/4/20 23:04
user_092,purchase,2025/5/4 12:36
user_092,click_ad,2025/4/16 6:35
user_093,purchase,2025/4/12 15:05
user_093,view_content,2025/4/21 11:30
user_093,view_content,2025/4/12 21:28
user_093,login,2025/4/15 16:31
user_093,logout,2025/4/9 8:39
user_093,purchase,2025/4/27 22:23
user_093,view_content,2025/4/25 0:22
user_093,click_ad,2025/4/22 19:05
user_093,view_content,2025/4/25 21:50
user_093,purchase,2025/5/2 21:12
user_093,click_ad,2025/4/21 14:57
user_093,click_ad,2025/4/14 16:11
user_093,login,2025/4/21 5:32
user_093,logout,2025/4/11 10:29
user_093,click_ad,2025/4/9 15:16
user_093,login,2025/4/23 14:38
user_093,logout,2025/5/5 18:15
user_093,login,2025/5/1 0:41
user_093,view_content,2025/4/14 12:42
user_093,view_content,2025/4/8 13:56
user_093,logout,2025/5/2 14:17
user_093,login,2025/4/28 23:57
user_093,purchase,2025/4/11 17:25
user_093,login,2025/4/13 23:41
user_094,purchase,2025/4/21 14:22
user_094,click_ad,2025/4/23 9:54
user_094,click_ad,2025/4/27 13:52
user_094,click_ad,2025/4/10 5:25
user_094,login,2025/5/5 7:40
user_094,logout,2025/4/21 1:33
user_094,purchase,2025/4/16 11:58
user_094,login,2025/5/3 15:49
user_094,click_ad,2025/5/7 3:47
user_094,view_content,2025/5/3 11:59
user_094,click_ad,2025/4/28 22:45
user_094,logout,2025/4/11 22:21
user_094,click_ad,2025/4/9 4:45
user_094,logout,2025/4/9 15:20
user_094,view_content,2025/4/15 22:33
user_094,purchase,2025/4/20 13:39
user_094,click_ad,2025/4/16 21:52
user_094,logout,2025/4/24 23:11
user_094,purchase,2025/4/17 5:20
user_094,view_content,2025/4/9 13:46
user_095,logout,2025/4/28 12:30
user_095,view_content,2025/4/10 20:23
user_095,view_content,2025/4/25 9:16
user_095,login,2025/4/25 1:56
user_095,purchase,2025/4/30 8:41
user_095,login,2025/5/6 17:50
user_095,view_content,2025/4/17 13:27
user_095,logout,2025/4/13 15:59
user_095,click_ad,2025/4/11 5:16
user_095,login,2025/5/4 22:32
user_095,click_ad,2025/4/22 9:12
user_095,login,2025/4/23 7:06
user_095,purchase,2025/4/28 0:23
user_095,click_ad,2025/5/4 23:47
user_095,login,2025/5/8 3:00
user_095,view_content,2025/5/7 14:41
user_095,logout,2025/4/11 12:51
user_096,view_content,2025/4/26 15:45
user_096,purchase,2025/4/11 22:38
user_096,purchase,2025/4/16 3:02
user_096,login,2025/4/20 3:49
user_096,view_content,2025/4/13 0:56
user_096,click_ad,2025/4/18 18:25
user_096,login,2025/4/9 20:39
user_096,login,2025/4/21 1:26
user_096,view_content,2025/4/22 14:38
user_096,logout,2025/4/26 18:07
user_096,purchase,2025/5/5 15:19
user_096,click_ad,2025/4/27 23:03
user_096,purchase,2025/4/15 21:42
user_096,login,2025/4/26 3:00
user_096,logout,2025/4/10 10:40
user_096,login,2025/4/17 18:36
user_096,logout,2025/4/28 9:17
user_096,view_content,2025/4/23 7:06
user_096,purchase,2025/4/14 13:15
user_096,login,2025/4/15 5:16
user_096,logout,2025/4/26 16:41
user_096,logout,2025/5/5 18:33
user_097,login,2025/5/2 13:26
user_097,purchase,2025/4/15 1:02
user_097,view_content,2025/4/28 5:26
user_097,view_content,2025/4/9 6:04
user_097,click_ad,2025/5/1 22:55
user_097,click_ad,2025/4/17 3:13
user_097,click_ad,2025/4/10 5:10
user_097,purchase,2025/4/20 21:21
user_097,click_ad,2025/5/8 1:57
user_097,click_ad,2025/5/8 1:20
user_097,purchase,2025/4/22 20:32
user_097,click_ad,2025/4/25 14:30
user_097,view_content,2025/5/2 17:09
user_097,login,2025/4/10 21:29
user_098,view_content,2025/5/4 11:35
user_098,view_content,2025/5/5 5:03
user_098,logout,2025/4/11 21:39
user_098,login,2025/4/15 14:54
user_098,view_content,2025/4/29 13:58
user_098,login,2025/4/23 15:20
user_098,view_content,2025/4/20 22:46
user_098,purchase,2025/4/30 15:29
user_098,purchase,2025/5/1 15:27
user_098,click_ad,2025/4/22 20:25
user_098,purchase,2025/5/2 10:25
user_098,login,2025/4/8 18:09
user_098,logout,2025/4/30 23:43
user_098,click_ad,2025/4/21 15:04
user_098,view_content,2025/4/23 23:15
user_098,purchase,2025/5/5 2:47
user_098,click_ad,2025/4/12 10:47
user_098,purchase,2025/4/20 5:00
user_098,click_ad,2025/4/20 8:50
user_098,login,2025/4/26 13:34
user_098,login,2025/4/14 6:34
user_098,view_content,2025/5/4 16:55
user_098,click_ad,2025/4/13 14:15
user_099,logout,2025/4/28 14:23
user_099,login,2025/4/16 0:26
user_099,view_content,2025/4/20 19:22
user_099,click_ad,2025/4/29 12:10
user_099,view_content,2025/4/18 1:26
user_099,login,2025/5/7 2:46
user_099,view_content,2025/5/7 17:53
user_099,click_ad,2025/4/12 7:09
user_099,purchase,2025/4/19 17:14
user_099,logout,2025/4/15 1:42
user_099,login,2025/5/1 20:45
user_099,click_ad,2025/4/28 11:01
user_099,click_ad,2025/4/9 3:07
user_099,view_content,2025/5/3 8:14
user_099,login,2025/4/11 3:36
user_099,purchase,2025/4/10 21:50
user_099,purchase,2025/4/17 0:59
user_099,logout,2025/4/16 16:18
user_099,logout,2025/4/14 23:56
user_099,view_content,2025/5/5 15:39
user_099,login,2025/5/6 0:00
user_100,purchase,2025/4/30 16:16
user_100,login,2025/4/18 15:32
user_100,view_content,2025/4/18 10:26
user_100,login,2025/4/12 10:46
user_100,login,2025/4/25 6:00
user_100,login,2025/4/30 6:51
user_100,view_content,2025/5/3 18:34
user_100,view_content,2025/4/29 19:25
user_100,view_content,2025/5/7 6:56
user_100,purchase,2025/4/22 19:19
user_100,click_ad,2025/4/20 9:23
user_100,login,2025/4/28 8:16
user_100,logout,2025/4/11 2:30
user_100,logout,2025/4/15 5:30
user_100,click_ad,2025/4/24 18:27
user_100,login,2025/4/9 7:42
user_100,login,2025/5/3 7:18
user_100,login,2025/4/16 15:09
user_100,view_content,2025/4/24 6:57
user_100,purchase,2025/4/24 17:42
user_100,view_content,2025/4/20 16:10
user_100,login,2025/5/3 1:04
user_100,click_ad,2025/5/2 23:02
user_100,login,2025/4/21 8:59
user_100,login,2025/5/2 22:24
user_100,purchase,2025/4/21 7:06
user_100,login,2025/5/6 18:08
user_100,view_content,2025/4/20 19:13
